<?xml version="1.0" encoding="utf-8" standalone="yes"?>
<rss version="2.0" xmlns:atom="http://www.w3.org/2005/Atom">
  <channel>
    <title>Technologia lewitacji magnetycznej on MAGLERS | Magnetic Levitation Rotating Systems</title>
    <link>http://www.maglev.agh.edu.pl/technology/</link>
    <description>Recent content in Technologia lewitacji magnetycznej on MAGLERS | Magnetic Levitation Rotating Systems</description>
    <generator>Hugo -- gohugo.io</generator>
    <language>pl-PL</language>
    <copyright>Copyright &amp;copy; 2019 [Themefisher](https://themefisher.com) All Rights Reserved</copyright>
    
	<atom:link href="http://www.maglev.agh.edu.pl/technology/index.xml" rel="self" type="application/rss+xml" />
    
    
  </channel>
</rss>