<?xml version="1.0" encoding="utf-8" standalone="yes"?>
<rss version="2.0" xmlns:atom="http://www.w3.org/2005/Atom">
  <channel>
    <title>Baza technologiczna on MAGLERS | Magnetic Levitation Rotating Systems</title>
    <link>http://www.maglev.agh.edu.pl/lab/</link>
    <description>Recent content in Baza technologiczna on MAGLERS | Magnetic Levitation Rotating Systems</description>
    <generator>Hugo -- gohugo.io</generator>
    <language>pl-PL</language>
    <copyright>Copyright &amp;copy; 2019 [Themefisher](https://themefisher.com) All Rights Reserved</copyright>
    
	<atom:link href="http://www.maglev.agh.edu.pl/lab/index.xml" rel="self" type="application/rss+xml" />
    
    
    <item>
      <title>AMB-3p </title>
      <link>http://www.maglev.agh.edu.pl/lab/ramb-3p/</link>
      <pubDate>Mon, 01 Jan 0001 00:00:00 +0000</pubDate>
      
      <guid>http://www.maglev.agh.edu.pl/lab/ramb-3p/</guid>
      <description></description>
    </item>
    
    <item>
      <title>Kolejka magnetyczna</title>
      <link>http://www.maglev.agh.edu.pl/lab/maglev-train/</link>
      <pubDate>Mon, 01 Jan 0001 00:00:00 +0000</pubDate>
      
      <guid>http://www.maglev.agh.edu.pl/lab/maglev-train/</guid>
      <description></description>
    </item>
    
    <item>
      <title>Laboratorium</title>
      <link>http://www.maglev.agh.edu.pl/lab/laboratory/</link>
      <pubDate>Mon, 01 Jan 0001 00:00:00 +0000</pubDate>
      
      <guid>http://www.maglev.agh.edu.pl/lab/laboratory/</guid>
      <description></description>
    </item>
    
    <item>
      <title>MLS1EM</title>
      <link>http://www.maglev.agh.edu.pl/lab/mls1em/</link>
      <pubDate>Mon, 01 Jan 0001 00:00:00 +0000</pubDate>
      
      <guid>http://www.maglev.agh.edu.pl/lab/mls1em/</guid>
      <description></description>
    </item>
    
    <item>
      <title>MLS2EM </title>
      <link>http://www.maglev.agh.edu.pl/lab/mls2em/</link>
      <pubDate>Mon, 01 Jan 0001 00:00:00 +0000</pubDate>
      
      <guid>http://www.maglev.agh.edu.pl/lab/mls2em/</guid>
      <description></description>
    </item>
    
    <item>
      <title>Pozaosiowa eliminacja drgań</title>
      <link>http://www.maglev.agh.edu.pl/lab/psed/</link>
      <pubDate>Mon, 01 Jan 0001 00:00:00 +0000</pubDate>
      
      <guid>http://www.maglev.agh.edu.pl/lab/psed/</guid>
      <description></description>
    </item>
    
    <item>
      <title>Silnik BLDC</title>
      <link>http://www.maglev.agh.edu.pl/lab/bldc-3p/</link>
      <pubDate>Mon, 01 Jan 0001 00:00:00 +0000</pubDate>
      
      <guid>http://www.maglev.agh.edu.pl/lab/bldc-3p/</guid>
      <description></description>
    </item>
    
    <item>
      <title>Sterowany układ mocy</title>
      <link>http://www.maglev.agh.edu.pl/lab/bemf/</link>
      <pubDate>Mon, 01 Jan 0001 00:00:00 +0000</pubDate>
      
      <guid>http://www.maglev.agh.edu.pl/lab/bemf/</guid>
      <description></description>
    </item>
    
    <item>
      <title>Sterownik PAC </title>
      <link>http://www.maglev.agh.edu.pl/lab/pac/</link>
      <pubDate>Mon, 01 Jan 0001 00:00:00 +0000</pubDate>
      
      <guid>http://www.maglev.agh.edu.pl/lab/pac/</guid>
      <description></description>
    </item>
    
    <item>
      <title>Wirnik sztywny AMB </title>
      <link>http://www.maglev.agh.edu.pl/lab/2xramb-wirnik/</link>
      <pubDate>Mon, 01 Jan 0001 00:00:00 +0000</pubDate>
      
      <guid>http://www.maglev.agh.edu.pl/lab/2xramb-wirnik/</guid>
      <description></description>
    </item>
    
    <item>
      <title>Łożysko Magnetyczne Osiowe</title>
      <link>http://www.maglev.agh.edu.pl/lab/aamb-3p/</link>
      <pubDate>Mon, 01 Jan 0001 00:00:00 +0000</pubDate>
      
      <guid>http://www.maglev.agh.edu.pl/lab/aamb-3p/</guid>
      <description></description>
    </item>
    
    <item>
      <title>Łożysko Magnetyczne Promieniowe</title>
      <link>http://www.maglev.agh.edu.pl/lab/ramb-yellow/</link>
      <pubDate>Mon, 01 Jan 0001 00:00:00 +0000</pubDate>
      
      <guid>http://www.maglev.agh.edu.pl/lab/ramb-yellow/</guid>
      <description></description>
    </item>
    
  </channel>
</rss>